Date,Time,Animal,Milk,Conductivity,Duration,Peak flow,Shift date,Shift,Period
Aug 2026,210.1,Aug 2026,month
2026-08-11,105.2,2026-08-11,daily
2026-08-11,19:40,9001,33.1,470,3.4,15.9,2026-08-11,3,milking
2026-08-11,11:50,9001,35.6,462,3.6,16.3,2026-08-11,2,milking
2026-08-11,03:35,9001,36.5,475,4.1,15.4,2026-08-11,1,milking
2026-08-10,104.9,2026-08-10,daily
2026-08-10,19:38,9001,32.8,468,3.5,16.0,2026-08-10,3,milking
2026-08-10,11:47,9001,35.2,465,3.7,16.1,2026-08-10,2,milking
2026-08-10,03:40,9001,36.9,472,4.0,15.6,2026-08-10,1,milking
